n,concentration,response,construct,nucleotide,method,measure
1,1E-05,0.96,WT-GFP,ATP,patch_clamp,current
1,0.0001,0.653,WT-GFP,ATP,patch_clamp,current
1,0.001,0.182,WT-GFP,ATP,patch_clamp,current
1,0.01,0.0097,WT-GFP,ATP,patch_clamp,current
2,1E-05,0.967,WT-GFP,ATP,patch_clamp,current
2,0.0001,0.734,WT-GFP,ATP,patch_clamp,current
2,0.001,0.214,WT-GFP,ATP,patch_clamp,current
2,0.01,0.015,WT-GFP,ATP,patch_clamp,current
3,1E-05,0.864,WT-GFP,ATP,patch_clamp,current
3,0.0001,0.677,WT-GFP,ATP,patch_clamp,current
3,0.001,0.219,WT-GFP,ATP,patch_clamp,current
3,0.01,0.02,WT-GFP,ATP,patch_clamp,current
1,1E-07,0.981,WT-GFP+SUR,ATP,patch_clamp,current
1,1E-06,0.967,WT-GFP+SUR,ATP,patch_clamp,current
1,1E-05,0.848,WT-GFP+SUR,ATP,patch_clamp,current
1,0.0001,0.241,WT-GFP+SUR,ATP,patch_clamp,current
1,0.001,0.0037,WT-GFP+SUR,ATP,patch_clamp,current
2,1E-06,0.982,WT-GFP+SUR,ATP,patch_clamp,current
2,1E-05,0.885,WT-GFP+SUR,ATP,patch_clamp,current
2,0.0001,0.13,WT-GFP+SUR,ATP,patch_clamp,current
2,0.001,0.0015,WT-GFP+SUR,ATP,patch_clamp,current
2,0.01,0.0012,WT-GFP+SUR,ATP,patch_clamp,current
3,1E-07,0.982,WT-GFP+SUR,ATP,patch_clamp,current
3,1E-06,0.969,WT-GFP+SUR,ATP,patch_clamp,current
3,1E-05,0.732,WT-GFP+SUR,ATP,patch_clamp,current
3,0.0001,0.083,WT-GFP+SUR,ATP,patch_clamp,current
3,0.001,0.0023,WT-GFP+SUR,ATP,patch_clamp,current
1,1E-06,0.994,W311*-GFP+SUR,ATP,patch_clamp,current
1,1E-05,0.959,W311*-GFP+SUR,ATP,patch_clamp,current
1,0.0001,0.605,W311*-GFP+SUR,ATP,patch_clamp,current
1,0.001,0.036,W311*-GFP+SUR,ATP,patch_clamp,current
1,0.01,0.0076,W311*-GFP+SUR,ATP,patch_clamp,current
2,1E-05,0.952,W311*-GFP+SUR,ATP,patch_clamp,current
2,0.0001,0.638,W311*-GFP+SUR,ATP,patch_clamp,current
2,0.001,0.062,W311*-GFP+SUR,ATP,patch_clamp,current
2,0.01,0.0011,W311*-GFP+SUR,ATP,patch_clamp,current
3,1E-06,0.982,W311*-GFP+SUR,ATP,patch_clamp,current
3,1E-05,0.926,W311*-GFP+SUR,ATP,patch_clamp,current
3,0.0001,0.565,W311*-GFP+SUR,ATP,patch_clamp,current
3,0.001,0.111,W311*-GFP+SUR,ATP,patch_clamp,current
3,0.01,0.0085,W311*-GFP+SUR,ATP,patch_clamp,current
4,1E-06,0.998,W311*-GFP+SUR,ATP,patch_clamp,current
4,1E-05,0.946,W311*-GFP+SUR,ATP,patch_clamp,current
4,0.0001,0.515,W311*-GFP+SUR,ATP,patch_clamp,current
4,0.001,0.028,W311*-GFP+SUR,ATP,patch_clamp,current
4,0.01,0.0054,W311*-GFP+SUR,ATP,patch_clamp,current
1,1E-05,0.708,K39A-GFP+SUR,ATP,patch_clamp,current
1,0.0001,0.069,K39A-GFP+SUR,ATP,patch_clamp,current
1,3.00E-04,0.0075,K39A-GFP+SUR,ATP,patch_clamp,current
1,0.001,0.0036,K39A-GFP+SUR,ATP,patch_clamp,current
1,0.01,0.0012,K39A-GFP+SUR,ATP,patch_clamp,current
2,1E-05,0.757,K39A-GFP+SUR,ATP,patch_clamp,current
2,0.0001,0.113,K39A-GFP+SUR,ATP,patch_clamp,current
2,0.0003,0.016,K39A-GFP+SUR,ATP,patch_clamp,current
2,0.001,0.031,K39A-GFP+SUR,ATP,patch_clamp,current
2,0.01,2E-05,K39A-GFP+SUR,ATP,patch_clamp,current
3,1E-05,0.851,K39A-GFP+SUR,ATP,patch_clamp,current
3,0.0001,0.214,K39A-GFP+SUR,ATP,patch_clamp,current
3,0.0003,0.051,K39A-GFP+SUR,ATP,patch_clamp,current
3,0.001,0.0024,K39A-GFP+SUR,ATP,patch_clamp,current
3,0.01,0.0033,K39A-GFP+SUR,ATP,patch_clamp,current
4,1E-06,0.977,K39A-GFP+SUR,ATP,patch_clamp,current
4,1E-05,0.76,K39A-GFP+SUR,ATP,patch_clamp,current
4,0.0001,0.088,K39A-GFP+SUR,ATP,patch_clamp,current
4,0.001,0.008,K39A-GFP+SUR,ATP,patch_clamp,current
4,0.01,0.0015,K39A-GFP+SUR,ATP,patch_clamp,current
5,1E-06,0.956,K39A-GFP+SUR,ATP,patch_clamp,current
5,1E-05,0.828,K39A-GFP+SUR,ATP,patch_clamp,current
5,0.0001,0.169,K39A-GFP+SUR,ATP,patch_clamp,current
5,0.001,0.016,K39A-GFP+SUR,ATP,patch_clamp,current
5,0.01,0.00026,K39A-GFP+SUR,ATP,patch_clamp,current
6,1E-06,0.99,K39A-GFP+SUR,ATP,patch_clamp,current
6,1E-05,0.856,K39A-GFP+SUR,ATP,patch_clamp,current
6,0.0001,0.235,K39A-GFP+SUR,ATP,patch_clamp,current
6,0.001,0.0065,K39A-GFP+SUR,ATP,patch_clamp,current
6,0.01,0.0024,K39A-GFP+SUR,ATP,patch_clamp,current
7,1E-06,0.998,K39A-GFP+SUR,ATP,patch_clamp,current
7,1E-05,0.894,K39A-GFP+SUR,ATP,patch_clamp,current
7,0.0001,0.235,K39A-GFP+SUR,ATP,patch_clamp,current
7,0.001,0.015,K39A-GFP+SUR,ATP,patch_clamp,current
7,0.01,0.0015,K39A-GFP+SUR,ATP,patch_clamp,current
1,1E-05,0.911,"W311*,K39A-GFP+SUR",ATP,patch_clamp,current
1,0.0001,0.541,"W311*,K39A-GFP+SUR",ATP,patch_clamp,current
1,0.0003,0.201,"W311*,K39A-GFP+SUR",ATP,patch_clamp,current
1,0.001,0.054,"W311*,K39A-GFP+SUR",ATP,patch_clamp,current
1,0.01,0.0031,"W311*,K39A-GFP+SUR",ATP,patch_clamp,current
2,1E-05,0.972,"W311*,K39A-GFP+SUR",ATP,patch_clamp,current
2,0.0001,0.788,"W311*,K39A-GFP+SUR",ATP,patch_clamp,current
2,0.0003,0.422,"W311*,K39A-GFP+SUR",ATP,patch_clamp,current
2,0.001,0.109,"W311*,K39A-GFP+SUR",ATP,patch_clamp,current
2,0.01,0.0042,"W311*,K39A-GFP+SUR",ATP,patch_clamp,current
3,1E-06,0.98,"W311*,K39A-GFP+SUR",ATP,patch_clamp,current
3,0.0003,0.382,"W311*,K39A-GFP+SUR",ATP,patch_clamp,current
3,0.001,0.066,"W311*,K39A-GFP+SUR",ATP,patch_clamp,current
3,0.01,0.0032,"W311*,K39A-GFP+SUR",ATP,patch_clamp,current
4,1E-06,0.998,"W311*,K39A-GFP+SUR",ATP,patch_clamp,current
4,1E-05,0.914,"W311*,K39A-GFP+SUR",ATP,patch_clamp,current
4,0.0001,0.429,"W311*,K39A-GFP+SUR",ATP,patch_clamp,current
4,0.0003,0.311,"W311*,K39A-GFP+SUR",ATP,patch_clamp,current
4,0.001,0.054,"W311*,K39A-GFP+SUR",ATP,patch_clamp,current
4,0.01,0.016,"W311*,K39A-GFP+SUR",ATP,patch_clamp,current
5,1E-05,0.828,"W311*,K39A-GFP+SUR",ATP,patch_clamp,current
5,0.0001,0.718,"W311*,K39A-GFP+SUR",ATP,patch_clamp,current
5,0.0003,0.384,"W311*,K39A-GFP+SUR",ATP,patch_clamp,current
5,0.001,0.128,"W311*,K39A-GFP+SUR",ATP,patch_clamp,current
5,0.01,0.006,"W311*,K39A-GFP+SUR",ATP,patch_clamp,current
6,1E-05,0.947,"W311*,K39A-GFP+SUR",ATP,patch_clamp,current
6,0.0001,0.58,"W311*,K39A-GFP+SUR",ATP,patch_clamp,current
6,0.0003,0.226,"W311*,K39A-GFP+SUR",ATP,patch_clamp,current
6,0.001,0.045,"W311*,K39A-GFP+SUR",ATP,patch_clamp,current
6,0.01,0.0043,"W311*,K39A-GFP+SUR",ATP,patch_clamp,current
7,1E-05,0.989,"W311*,K39A-GFP+SUR",ATP,patch_clamp,current
7,0.0001,0.655,"W311*,K39A-GFP+SUR",ATP,patch_clamp,current
7,0.0003,0.355,"W311*,K39A-GFP+SUR",ATP,patch_clamp,current
7,0.001,0.072,"W311*,K39A-GFP+SUR",ATP,patch_clamp,current
7,0.01,0.012,"W311*,K39A-GFP+SUR",ATP,patch_clamp,current
1,1E-05,0.896,K39E-GFP+SUR,ATP,patch_clamp,current
1,0.0001,0.357,K39E-GFP+SUR,ATP,patch_clamp,current
1,0.0003,0.091,K39E-GFP+SUR,ATP,patch_clamp,current
1,0.001,0.014,K39E-GFP+SUR,ATP,patch_clamp,current
1,0.01,0.0011,K39E-GFP+SUR,ATP,patch_clamp,current
2,1E-05,0.943,K39E-GFP+SUR,ATP,patch_clamp,current
2,0.0001,0.263,K39E-GFP+SUR,ATP,patch_clamp,current
2,0.0003,0.091,K39E-GFP+SUR,ATP,patch_clamp,current
2,0.001,0.035,K39E-GFP+SUR,ATP,patch_clamp,current
2,0.01,0.012,K39E-GFP+SUR,ATP,patch_clamp,current
3,1E-05,0.839,K39E-GFP+SUR,ATP,patch_clamp,current
3,0.0001,0.252,K39E-GFP+SUR,ATP,patch_clamp,current
3,0.0003,0.063,K39E-GFP+SUR,ATP,patch_clamp,current
3,0.001,0.015,K39E-GFP+SUR,ATP,patch_clamp,current
3,0.01,0.0051,K39E-GFP+SUR,ATP,patch_clamp,current
4,1E-05,0.903,K39E-GFP+SUR,ATP,patch_clamp,current
4,0.0001,0.312,K39E-GFP+SUR,ATP,patch_clamp,current
4,0.0003,0.104,K39E-GFP+SUR,ATP,patch_clamp,current
4,0.001,0.017,K39E-GFP+SUR,ATP,patch_clamp,current
4,0.01,0.0076,K39E-GFP+SUR,ATP,patch_clamp,current
5,1E-05,0.94,K39E-GFP+SUR,ATP,patch_clamp,current
5,0.0001,0.414,K39E-GFP+SUR,ATP,patch_clamp,current
5,0.0003,0.124,K39E-GFP+SUR,ATP,patch_clamp,current
5,0.001,0.031,K39E-GFP+SUR,ATP,patch_clamp,current
5,0.01,0.00067,K39E-GFP+SUR,ATP,patch_clamp,current
6,1E-05,0.918,K39E-GFP+SUR,ATP,patch_clamp,current
6,0.0001,0.456,K39E-GFP+SUR,ATP,patch_clamp,current
6,0.0003,0.144,K39E-GFP+SUR,ATP,patch_clamp,current
6,0.001,0.029,K39E-GFP+SUR,ATP,patch_clamp,current
6,0.01,0.0014,K39E-GFP+SUR,ATP,patch_clamp,current
1,1E-05,0.939,"W311*,K39E-GFP+SUR",ATP,patch_clamp,current
1,0.0001,0.357,"W311*,K39E-GFP+SUR",ATP,patch_clamp,current
1,0.001,0.259,"W311*,K39E-GFP+SUR",ATP,patch_clamp,current
1,0.01,0.056,"W311*,K39E-GFP+SUR",ATP,patch_clamp,current
2,1E-05,0.94,"W311*,K39E-GFP+SUR",ATP,patch_clamp,current
2,0.0001,0.797,"W311*,K39E-GFP+SUR",ATP,patch_clamp,current
2,0.0003,0.423,"W311*,K39E-GFP+SUR",ATP,patch_clamp,current
2,0.001,0.145,"W311*,K39E-GFP+SUR",ATP,patch_clamp,current
2,0.01,0.012,"W311*,K39E-GFP+SUR",ATP,patch_clamp,current
3,1E-05,0.915,"W311*,K39E-GFP+SUR",ATP,patch_clamp,current
3,0.0001,0.555,"W311*,K39E-GFP+SUR",ATP,patch_clamp,current
3,0.0003,0.254,"W311*,K39E-GFP+SUR",ATP,patch_clamp,current
3,0.001,0.103,"W311*,K39E-GFP+SUR",ATP,patch_clamp,current
3,0.01,0.011,"W311*,K39E-GFP+SUR",ATP,patch_clamp,current
4,1E-05,0.982,"W311*,K39E-GFP+SUR",ATP,patch_clamp,current
4,0.0001,0.637,"W311*,K39E-GFP+SUR",ATP,patch_clamp,current
4,0.0003,0.353,"W311*,K39E-GFP+SUR",ATP,patch_clamp,current
4,0.001,0.104,"W311*,K39E-GFP+SUR",ATP,patch_clamp,current
4,0.01,0.0035,"W311*,K39E-GFP+SUR",ATP,patch_clamp,current
5,1E-05,0.979,"W311*,K39E-GFP+SUR",ATP,patch_clamp,current
5,0.0001,0.64,"W311*,K39E-GFP+SUR",ATP,patch_clamp,current
5,0.0003,0.275,"W311*,K39E-GFP+SUR",ATP,patch_clamp,current
5,0.001,0.076,"W311*,K39E-GFP+SUR",ATP,patch_clamp,current
5,0.01,0.016,"W311*,K39E-GFP+SUR",ATP,patch_clamp,current
6,1E-05,0.957,"W311*,K39E-GFP+SUR",ATP,patch_clamp,current
6,0.0001,0.668,"W311*,K39E-GFP+SUR",ATP,patch_clamp,current
6,0.0003,0.253,"W311*,K39E-GFP+SUR",ATP,patch_clamp,current
6,0.001,0.026,"W311*,K39E-GFP+SUR",ATP,patch_clamp,current
6,0.01,0.0064,"W311*,K39E-GFP+SUR",ATP,patch_clamp,current
7,1E-05,0.971,"W311*,K39E-GFP+SUR",ATP,patch_clamp,current
7,0.0001,0.841,"W311*,K39E-GFP+SUR",ATP,patch_clamp,current
7,0.0003,0.419,"W311*,K39E-GFP+SUR",ATP,patch_clamp,current
7,0.001,0.114,"W311*,K39E-GFP+SUR",ATP,patch_clamp,current
7,0.01,0.008,"W311*,K39E-GFP+SUR",ATP,patch_clamp,current
1,1E-06,0.992,K39R-GFP+SUR,ATP,patch_clamp,current
1,1E-05,0.96,K39R-GFP+SUR,ATP,patch_clamp,current
1,0.0001,0.432,K39R-GFP+SUR,ATP,patch_clamp,current
1,0.001,0.0022,K39R-GFP+SUR,ATP,patch_clamp,current
1,0.01,0.00095,K39R-GFP+SUR,ATP,patch_clamp,current
2,1E-06,0.97,K39R-GFP+SUR,ATP,patch_clamp,current
2,1E-05,0.888,K39R-GFP+SUR,ATP,patch_clamp,current
2,0.0001,0.303,K39R-GFP+SUR,ATP,patch_clamp,current
2,0.001,0.0038,K39R-GFP+SUR,ATP,patch_clamp,current
2,0.01,0.00035,K39R-GFP+SUR,ATP,patch_clamp,current
3,1E-06,0.991,K39R-GFP+SUR,ATP,patch_clamp,current
3,1E-05,0.954,K39R-GFP+SUR,ATP,patch_clamp,current
3,0.0001,0.362,K39R-GFP+SUR,ATP,patch_clamp,current
3,0.001,0.0059,K39R-GFP+SUR,ATP,patch_clamp,current
3,0.01,0.00098,K39R-GFP+SUR,ATP,patch_clamp,current
4,1E-06,0.994,K39R-GFP+SUR,ATP,patch_clamp,current
4,1E-05,0.949,K39R-GFP+SUR,ATP,patch_clamp,current
4,0.0001,0.359,K39R-GFP+SUR,ATP,patch_clamp,current
4,0.001,0.016,K39R-GFP+SUR,ATP,patch_clamp,current
4,0.01,0.003,K39R-GFP+SUR,ATP,patch_clamp,current
5,1E-06,0.999,K39R-GFP+SUR,ATP,patch_clamp,current
5,1E-05,0.944,K39R-GFP+SUR,ATP,patch_clamp,current
5,0.0001,0.359,K39R-GFP+SUR,ATP,patch_clamp,current
5,0.001,0.022,K39R-GFP+SUR,ATP,patch_clamp,current
5,0.01,0.0015,K39R-GFP+SUR,ATP,patch_clamp,current
6,1E-06,0.988,K39R-GFP+SUR,ATP,patch_clamp,current
6,1E-05,0.963,K39R-GFP+SUR,ATP,patch_clamp,current
6,0.0001,0.514,K39R-GFP+SUR,ATP,patch_clamp,current
6,0.001,0.018,K39R-GFP+SUR,ATP,patch_clamp,current
6,0.01,0.0013,K39R-GFP+SUR,ATP,patch_clamp,current
1,1E-05,1.004,"W311*,K39R-GFP+SUR",ATP,patch_clamp,current
1,0.0001,0.949,"W311*,K39R-GFP+SUR",ATP,patch_clamp,current
1,0.0003,0.722,"W311*,K39R-GFP+SUR",ATP,patch_clamp,current
1,0.001,0.28,"W311*,K39R-GFP+SUR",ATP,patch_clamp,current
1,0.01,0.0245,"W311*,K39R-GFP+SUR",ATP,patch_clamp,current
2,0.0001,0.896,"W311*,K39R-GFP+SUR",ATP,patch_clamp,current
2,0.0003,0.62,"W311*,K39R-GFP+SUR",ATP,patch_clamp,current
2,0.001,0.127,"W311*,K39R-GFP+SUR",ATP,patch_clamp,current
2,0.01,0.0061,"W311*,K39R-GFP+SUR",ATP,patch_clamp,current
3,1E-05,0.996,"W311*,K39R-GFP+SUR",ATP,patch_clamp,current
3,0.0001,0.856,"W311*,K39R-GFP+SUR",ATP,patch_clamp,current
3,0.0003,0.455,"W311*,K39R-GFP+SUR",ATP,patch_clamp,current
3,0.001,0.062,"W311*,K39R-GFP+SUR",ATP,patch_clamp,current
3,0.01,0.0074,"W311*,K39R-GFP+SUR",ATP,patch_clamp,current
4,1E-05,0.991,"W311*,K39R-GFP+SUR",ATP,patch_clamp,current
4,0.0001,0.804,"W311*,K39R-GFP+SUR",ATP,patch_clamp,current
4,0.0003,0.549,"W311*,K39R-GFP+SUR",ATP,patch_clamp,current
4,0.001,0.158,"W311*,K39R-GFP+SUR",ATP,patch_clamp,current
4,0.01,0.011,"W311*,K39R-GFP+SUR",ATP,patch_clamp,current
5,1E-05,0.994,"W311*,K39R-GFP+SUR",ATP,patch_clamp,current
5,0.0001,0.952,"W311*,K39R-GFP+SUR",ATP,patch_clamp,current
5,0.0003,0.702,"W311*,K39R-GFP+SUR",ATP,patch_clamp,current
5,0.001,0.253,"W311*,K39R-GFP+SUR",ATP,patch_clamp,current
5,0.01,0.011,"W311*,K39R-GFP+SUR",ATP,patch_clamp,current
6,1E-05,0.991,"W311*,K39R-GFP+SUR",ATP,patch_clamp,current
6,0.0001,0.937,"W311*,K39R-GFP+SUR",ATP,patch_clamp,current
6,0.0003,0.644,"W311*,K39R-GFP+SUR",ATP,patch_clamp,current
6,0.001,0.192,"W311*,K39R-GFP+SUR",ATP,patch_clamp,current
6,0.01,0.0058,"W311*,K39R-GFP+SUR",ATP,patch_clamp,current
7,0.0001,0.948,"W311*,K39R-GFP+SUR",ATP,patch_clamp,current
7,0.0003,0.76,"W311*,K39R-GFP+SUR",ATP,patch_clamp,current
7,0.001,0.283,"W311*,K39R-GFP+SUR",ATP,patch_clamp,current
7,0.01,0.026,"W311*,K39R-GFP+SUR",ATP,patch_clamp,current
8,1E-05,0.98,"W311*,K39R-GFP+SUR",ATP,patch_clamp,current
8,0.0001,0.914,"W311*,K39R-GFP+SUR",ATP,patch_clamp,current
8,0.0003,0.616,"W311*,K39R-GFP+SUR",ATP,patch_clamp,current
8,0.001,0.184,"W311*,K39R-GFP+SUR",ATP,patch_clamp,current
8,0.01,0.0043,"W311*,K39R-GFP+SUR",ATP,patch_clamp,current
1,0.0001,0.942,E179A-GFP,ATP,patch_clamp,current
1,0.001,0.415,E179A-GFP,ATP,patch_clamp,current
2,1E-05,0.996,E179A-GFP,ATP,patch_clamp,current
2,0.0001,0.969,E179A-GFP,ATP,patch_clamp,current
2,0.001,0.784,E179A-GFP,ATP,patch_clamp,current
2,0.01,0.052,E179A-GFP,ATP,patch_clamp,current
3,1E-05,0.993,E179A-GFP,ATP,patch_clamp,current
3,0.0001,0.964,E179A-GFP,ATP,patch_clamp,current
3,0.001,0.683,E179A-GFP,ATP,patch_clamp,current
3,0.01,0.029,E179A-GFP,ATP,patch_clamp,current
4,1E-05,0.983,E179A-GFP,ATP,patch_clamp,current
4,0.0001,0.938,E179A-GFP,ATP,patch_clamp,current
4,0.001,0.436,E179A-GFP,ATP,patch_clamp,current
4,0.01,0.022,E179A-GFP,ATP,patch_clamp,current
5,1E-05,0.987,E179A-GFP,ATP,patch_clamp,current
5,0.0001,0.841,E179A-GFP,ATP,patch_clamp,current
5,0.001,0.267,E179A-GFP,ATP,patch_clamp,current
5,0.01,0.014,E179A-GFP,ATP,patch_clamp,current
1,1E-06,0.994,E179A-GFP+SUR,ATP,patch_clamp,current
1,1E-05,0.976,E179A-GFP+SUR,ATP,patch_clamp,current
1,0.0001,0.454,E179A-GFP+SUR,ATP,patch_clamp,current
1,0.001,0.024,E179A-GFP+SUR,ATP,patch_clamp,current
1,0.01,0.0004,E179A-GFP+SUR,ATP,patch_clamp,current
2,1E-06,0.984,E179A-GFP+SUR,ATP,patch_clamp,current
2,1E-05,0.954,E179A-GFP+SUR,ATP,patch_clamp,current
2,0.0001,0.586,E179A-GFP+SUR,ATP,patch_clamp,current
2,0.001,0.018,E179A-GFP+SUR,ATP,patch_clamp,current
2,0.01,0.0028,E179A-GFP+SUR,ATP,patch_clamp,current
3,1E-06,0.987,E179A-GFP+SUR,ATP,patch_clamp,current
3,1E-05,0.958,E179A-GFP+SUR,ATP,patch_clamp,current
3,0.0001,0.258,E179A-GFP+SUR,ATP,patch_clamp,current
3,0.001,0.007,E179A-GFP+SUR,ATP,patch_clamp,current
3,0.01,0.0028,E179A-GFP+SUR,ATP,patch_clamp,current
4,1E-06,0.994,E179A-GFP+SUR,ATP,patch_clamp,current
4,1E-05,0.979,E179A-GFP+SUR,ATP,patch_clamp,current
4,0.0001,0.331,E179A-GFP+SUR,ATP,patch_clamp,current
4,0.001,0.0058,E179A-GFP+SUR,ATP,patch_clamp,current
4,0.01,0.00076,E179A-GFP+SUR,ATP,patch_clamp,current
5,1E-06,0.989,E179A-GFP+SUR,ATP,patch_clamp,current
5,1E-05,0.98,E179A-GFP+SUR,ATP,patch_clamp,current
5,0.0001,0.528,E179A-GFP+SUR,ATP,patch_clamp,current
5,0.001,0.065,E179A-GFP+SUR,ATP,patch_clamp,current
5,0.01,0.0037,E179A-GFP+SUR,ATP,patch_clamp,current
1,1E-05,0.983,"W311*,E179A-GFP+SUR",ATP,patch_clamp,current
1,0.0001,0.723,"W311*,E179A-GFP+SUR",ATP,patch_clamp,current
1,0.001,0.132,"W311*,E179A-GFP+SUR",ATP,patch_clamp,current
1,0.01,0.018,"W311*,E179A-GFP+SUR",ATP,patch_clamp,current
2,1E-05,0.986,"W311*,E179A-GFP+SUR",ATP,patch_clamp,current
2,0.0001,0.954,"W311*,E179A-GFP+SUR",ATP,patch_clamp,current
2,0.001,0.2,"W311*,E179A-GFP+SUR",ATP,patch_clamp,current
2,0.01,0.0097,"W311*,E179A-GFP+SUR",ATP,patch_clamp,current
3,1E-05,0.996,"W311*,E179A-GFP+SUR",ATP,patch_clamp,current
3,0.0001,0.961,"W311*,E179A-GFP+SUR",ATP,patch_clamp,current
3,0.0003,0.739,"W311*,E179A-GFP+SUR",ATP,patch_clamp,current
3,0.001,0.344,"W311*,E179A-GFP+SUR",ATP,patch_clamp,current
3,0.01,0.012,"W311*,E179A-GFP+SUR",ATP,patch_clamp,current
4,1E-05,0.988,"W311*,E179A-GFP+SUR",ATP,patch_clamp,current
4,0.0001,0.841,"W311*,E179A-GFP+SUR",ATP,patch_clamp,current
4,0.0003,0.4,"W311*,E179A-GFP+SUR",ATP,patch_clamp,current
4,0.001,0.071,"W311*,E179A-GFP+SUR",ATP,patch_clamp,current
4,0.01,0.0032,"W311*,E179A-GFP+SUR",ATP,patch_clamp,current
5,1E-05,0.992,"W311*,E179A-GFP+SUR",ATP,patch_clamp,current
5,0.0001,0.862,"W311*,E179A-GFP+SUR",ATP,patch_clamp,current
5,0.0003,0.49,"W311*,E179A-GFP+SUR",ATP,patch_clamp,current
5,0.001,0.137,"W311*,E179A-GFP+SUR",ATP,patch_clamp,current
5,0.01,0.013,"W311*,E179A-GFP+SUR",ATP,patch_clamp,current
1,1E-05,0.995,E179K-GFP,ATP,patch_clamp,current
1,0.0001,0.664,E179K-GFP,ATP,patch_clamp,current
1,0.0003,0.23,E179K-GFP,ATP,patch_clamp,current
1,0.001,0.06,E179K-GFP,ATP,patch_clamp,current
1,0.01,0.0043,E179K-GFP,ATP,patch_clamp,current
2,1E-05,0.978,E179K-GFP,ATP,patch_clamp,current
2,0.0001,0.745,E179K-GFP,ATP,patch_clamp,current
2,0.0003,0.433,E179K-GFP,ATP,patch_clamp,current
2,0.001,0.19,E179K-GFP,ATP,patch_clamp,current
2,0.01,0.0068,E179K-GFP,ATP,patch_clamp,current
3,1E-05,0.991,E179K-GFP,ATP,patch_clamp,current
3,0.0001,0.678,E179K-GFP,ATP,patch_clamp,current
3,0.0003,0.406,E179K-GFP,ATP,patch_clamp,current
3,0.001,0.151,E179K-GFP,ATP,patch_clamp,current
3,0.01,0.0031,E179K-GFP,ATP,patch_clamp,current
4,1E-05,0.971,E179K-GFP,ATP,patch_clamp,current
4,0.0001,0.902,E179K-GFP,ATP,patch_clamp,current
4,0.0003,0.787,E179K-GFP,ATP,patch_clamp,current
4,0.001,0.486,E179K-GFP,ATP,patch_clamp,current
4,0.01,0.021,E179K-GFP,ATP,patch_clamp,current
1,1E-05,0.966,E179K-GFP+SUR,ATP,patch_clamp,current
1,0.0001,0.404,E179K-GFP+SUR,ATP,patch_clamp,current
1,0.0003,0.157,E179K-GFP+SUR,ATP,patch_clamp,current
1,0.001,0.021,E179K-GFP+SUR,ATP,patch_clamp,current
1,0.01,0.004,E179K-GFP+SUR,ATP,patch_clamp,current
2,1E-05,0.98,E179K-GFP+SUR,ATP,patch_clamp,current
2,0.0001,0.464,E179K-GFP+SUR,ATP,patch_clamp,current
2,0.0003,0.142,E179K-GFP+SUR,ATP,patch_clamp,current
2,0.001,0.03,E179K-GFP+SUR,ATP,patch_clamp,current
2,0.01,0.0034,E179K-GFP+SUR,ATP,patch_clamp,current
3,1E-05,0.968,E179K-GFP+SUR,ATP,patch_clamp,current
3,0.0001,0.472,E179K-GFP+SUR,ATP,patch_clamp,current
3,0.0003,0.19,E179K-GFP+SUR,ATP,patch_clamp,current
3,0.001,0.033,E179K-GFP+SUR,ATP,patch_clamp,current
3,0.01,0.0022,E179K-GFP+SUR,ATP,patch_clamp,current
4,1E-05,0.963,E179K-GFP+SUR,ATP,patch_clamp,current
4,0.0001,0.291,E179K-GFP+SUR,ATP,patch_clamp,current
4,0.0003,0.043,E179K-GFP+SUR,ATP,patch_clamp,current
4,0.001,0.007,E179K-GFP+SUR,ATP,patch_clamp,current
4,0.01,0.0019,E179K-GFP+SUR,ATP,patch_clamp,current
1,1E-05,0.993,"W311*,E179K-GFP+SUR",ATP,patch_clamp,current
1,0.0001,0.915,"W311*,E179K-GFP+SUR",ATP,patch_clamp,current
1,0.0003,0.695,"W311*,E179K-GFP+SUR",ATP,patch_clamp,current
1,0.001,0.232,"W311*,E179K-GFP+SUR",ATP,patch_clamp,current
1,0.01,0.015,"W311*,E179K-GFP+SUR",ATP,patch_clamp,current
2,0.0001,0.951,"W311*,E179K-GFP+SUR",ATP,patch_clamp,current
2,0.0003,0.683,"W311*,E179K-GFP+SUR",ATP,patch_clamp,current
2,0.001,0.381,"W311*,E179K-GFP+SUR",ATP,patch_clamp,current
2,0.01,0.032,"W311*,E179K-GFP+SUR",ATP,patch_clamp,current
3,1E-05,1,"W311*,E179K-GFP+SUR",ATP,patch_clamp,current
3,0.0001,0.96,"W311*,E179K-GFP+SUR",ATP,patch_clamp,current
3,0.0003,0.717,"W311*,E179K-GFP+SUR",ATP,patch_clamp,current
3,0.001,0.258,"W311*,E179K-GFP+SUR",ATP,patch_clamp,current
3,0.01,0.017,"W311*,E179K-GFP+SUR",ATP,patch_clamp,current
4,1E-05,0.991,"W311*,E179K-GFP+SUR",ATP,patch_clamp,current
4,0.0001,0.658,"W311*,E179K-GFP+SUR",ATP,patch_clamp,current
4,0.0003,0.248,"W311*,E179K-GFP+SUR",ATP,patch_clamp,current
4,0.001,0.067,"W311*,E179K-GFP+SUR",ATP,patch_clamp,current
4,0.01,0.0038,"W311*,E179K-GFP+SUR",ATP,patch_clamp,current
5,1E-05,1,"W311*,E179K-GFP+SUR",ATP,patch_clamp,current
5,0.0001,0.826,"W311*,E179K-GFP+SUR",ATP,patch_clamp,current
5,0.0003,0.457,"W311*,E179K-GFP+SUR",ATP,patch_clamp,current
5,0.001,0.156,"W311*,E179K-GFP+SUR",ATP,patch_clamp,current
5,0.01,0.037,"W311*,E179K-GFP+SUR",ATP,patch_clamp,current
6,1E-05,0.977,"W311*,E179K-GFP+SUR",ATP,patch_clamp,current
6,0.0001,0.692,"W311*,E179K-GFP+SUR",ATP,patch_clamp,current
6,0.0003,0.31,"W311*,E179K-GFP+SUR",ATP,patch_clamp,current
6,0.001,0.061,"W311*,E179K-GFP+SUR",ATP,patch_clamp,current
6,0.01,0.02,"W311*,E179K-GFP+SUR",ATP,patch_clamp,current
7,1E-05,0.987,"W311*,E179K-GFP+SUR",ATP,patch_clamp,current
7,0.0001,0.81,"W311*,E179K-GFP+SUR",ATP,patch_clamp,current
7,0.0003,0.45,"W311*,E179K-GFP+SUR",ATP,patch_clamp,current
7,0.001,0.137,"W311*,E179K-GFP+SUR",ATP,patch_clamp,current
7,0.01,0.016,"W311*,E179K-GFP+SUR",ATP,patch_clamp,current
8,1E-05,0.993,"W311*,E179K-GFP+SUR",ATP,patch_clamp,current
8,0.0001,0.846,"W311*,E179K-GFP+SUR",ATP,patch_clamp,current
8,0.0003,0.458,"W311*,E179K-GFP+SUR",ATP,patch_clamp,current
8,0.001,0.143,"W311*,E179K-GFP+SUR",ATP,patch_clamp,current
8,0.01,0.022,"W311*,E179K-GFP+SUR",ATP,patch_clamp,current
